Workbook

Sheet Tabela
B1: Etapa | C1: : | H1: Planilha para 16 atletas - 4 grupos de 3 e 1 de 4 (total 27 jogos - 18 grupos 9 elimi)
B2: Categoria | C2: : | H2: 5 g - 10 classificados
J3: duas mesas - dois jogos simultâneos | K3: Intervalos
B4: GRUPO A | C4: P | K4: 25
A5: 1 | B5: =atletas!B3 -> Ricardo | D5: =B5 -> Ricardo | F5: X | H5: =B7 -> Isaac | J5: Ordem dos Jogos - Fase de Grupos | K5: Horário Estimado
A6: 2 | B6: =atletas!B4 -> Davi | D6: =B6 -> Davi | F6: X | H6: =B7 -> Isaac | I6: 1 | J6: =CONCATENATE(D5," ",F5," ",H5) -> Ricardo X Isaac | K6: 0.33333333
A7: 3 | B7: =atletas!B5 -> Isaac | D7: =B5 -> Ricardo | F7: X | H7: =B6 -> Davi | I7: 2 | J7: =CONCATENATE(D11," ",F11," ",H11) -> Jonas X Matheus | K7: 0.33333333
I8: 3 | J8: =CONCATENATE(D17," ",F17," ",H17) -> Felipe X Betinho | K8: 0.35069444
I9: 4 | J9: =CONCATENATE(D23," ",F23," ",H23) -> Daniel X Normando | K9: 0.35069444
B10: GRUPO B | C10: P | I10: 5 | J10: =CONCATENATE(D29," ",F29," ",H29) -> Sandro X geruso | K10: 0.36805556
A11: 4 | B11: =atletas!B6 -> Jonas | D11: =B11 -> Jonas | F11: X | H11: =B13 -> Matheus | I11: 6 | J11: =CONCATENATE(D6," ",F6," ",H6) -> Davi X Isaac | K11: 0.36805556
A12: 5 | B12: =atletas!B7 -> Mazim | D12: =B12 -> Mazim | F12: X | H12: =B13 -> Matheus | I12: 7 | J12: =CONCATENATE(D12," ",F12," ",H12) -> Mazim X Matheus | K12: 0.38541667
A13: 6 | B13: =atletas!B8 -> Matheus | D13: =B11 -> Jonas | F13: X | H13: =B12 -> Mazim | I13: 8 | J13: =CONCATENATE(D18," ",F18," ",H18) -> Valberto X Betinho | K13: 0.38541667
I14: 9 | J14: =CONCATENATE(D24," ",F24," ",H24) -> Guedes X Normando | K14: 0.40277778
I15: 10 | J15: =CONCATENATE(D30," ",F30," ",H30) -> Rafael X Rodrigo | K15: 0.40277778
B16: GRUPO C | C16: P | I16: 11 | J16: =CONCATENATE(D7," ",F7," ",H7) -> Ricardo X Davi | K16: 0.42013889
A17: 7 | B17: =atletas!B9 -> Felipe | D17: =B17 -> Felipe | F17: X | H17: =B19 -> Betinho | I17: 12 | J17: =CONCATENATE(D13," ",F13," ",H13) -> Jonas X Mazim | K17: 0.42013889
A18: 8 | B18: =atletas!B10 -> Valberto | D18: =B18 -> Valberto | F18: X | H18: =B19 -> Betinho | I18: 13 | J18: =CONCATENATE(D19," ",F19," ",H19) -> Felipe X Valberto | K18: 0.4375
A19: 9 | B19: =atletas!B11 -> Betinho | D19: =B17 -> Felipe | F19: X | H19: =B18 -> Valberto | I19: 14 | J19: =CONCATENATE(D25," ",F25," ",H25) -> Daniel X Guedes | K19: 0.4375
I20: 15 | J20: =CONCATENATE(D31," ",F31," ",H31) -> Sandro X Rafael | K20: 0.45486111
I21: 16 | J21: =CONCATENATE(D32," ",F32," ",H32) -> Rodrigo X geruso | K21: 0.45486111
B22: GRUPO D | C22: P | I22: 17 | J22: =CONCATENATE(D33," ",F33," ",H33) -> Sandro X Rodrigo | K22: 0.47222222
A23: 10 | B23: =atletas!B12 -> Daniel | D23: =B23 -> Daniel | F23: X | H23: =B25 -> Normando | I23: 18 | J23: =CONCATENATE(D34," ",F34," ",H34) -> geruso X Rafael | K23: 0.47222222
A24: 11 | B24: =atletas!B13 -> Guedes | D24: =B24 -> Guedes | F24: X | H24: =B25 -> Normando
A25: 12 | B25: =atletas!B14 -> Normando | D25: =B23 -> Daniel | F25: X | H25: =B24 -> Guedes
J27: Oitavas
B28: GRUPO E | C28: P | I28: O1 | J28: 2B x 2E | K28: 0.48958333
A29: 13 | B29: =atletas!B15 -> Sandro | D29: =B29 -> Sandro | F29: X | H29: =B32 -> geruso | I29: O2 | J29: 2C x 2D | K29: 0.48958333
A30: 14 | B30: =atletas!B16 -> Rafael | D30: =B30 -> Rafael | F30: X | H30: =B31 -> Rodrigo
A31: 15 | B31: =atletas!B17 -> Rodrigo | D31: =B29 -> Sandro | F31: X | H31: =B30 -> Rafael
A32: 16 | B32: =atletas!B18 -> geruso | D32: =B31 -> Rodrigo | F32: X | H32: =B32 -> geruso | J32: Quartas
D33: =B29 -> Sandro | F33: X | H33: =B31 -> Rodrigo | I33: Q1 | J33: 1A x jogo O1 | K33: 0.50694444
D34: =B32 -> geruso | F34: X | H34: =B30 -> Rafael | I34: Q2 | J34: 1B x jogo O2 | K34: 0.50694444
I35: Q3 | J35: 1C x 1D | K35: 0.52430556
I36: Q4 | J36: 1E x 2A | K36: 0.52430556
J38: Semifinal
I39: S1 | J39: Q1 x Q3 | K39: 0.54166667
I40: S2 | J40: Q2 x Q4 | K40: 0.54166667
J42: Final
J43: S1 x S2 | K43: 0.55902778

Sheet atletas
A3: 1 | B3: Ricardo | C3: =RAND() -> 0.20862805
A4: 2 | B4: Davi | C4: =RAND() -> 0.53812471
A5: 3 | B5: Isaac | C5: =RAND() -> 0.84714074
A6: 4 | B6: Jonas | C6: =RAND() -> 0.21883815
A7: 5 | B7: Mazim | C7: =RAND() -> 0.093868845
A8: 6 | B8: Matheus | C8: =RAND() -> 0.86883172
A9: 7 | B9: Felipe | C9: =RAND() -> 0.88648049
A10: 8 | B10: Valberto | C10: =RAND() -> 0.086552796
A11: 9 | B11: Betinho | C11: =RAND() -> 0.42269695
A12: 10 | B12: Daniel | C12: =RAND() -> 0.38899698
A13: 11 | B13: Guedes | C13: =RAND() -> 0.62198993
A14: 12 | B14: Normando | C14: =RAND() -> 0.97857212
... A18: 16 | B18: geruso | C18: =RAND() -> 0.23827989
